INSERT INTO classes VALUES('Bismarck','bb','Germany',8,15,42000);
INSERT INTO classes VALUES('Iowa','bb','USA',9,16,46000);
INSERT INTO classes VALUES('Kongo','bc','Japan',8,14,32000);
INSERT INTO classes VALUES('North Carolina','bb','USA',9,16,37000);
INSERT INTO classes VALUES('Renown','bc','Gt. Britain',6,15,32000);
INSERT INTO classes VALUES('Revenge','bb','Gt. Britain',8,15,29000);
INSERT INTO classes VALUES('Tennessee','bb','USA',12,14,32000);
INSERT INTO classes VALUES('Yamato','bb','Japan',9,18,65000);
INSERT INTO classes VALUES('Pennsylvania','bb','USA',12,14,29000);
INSERT INTO classes VALUES('King George V','bb','Gt. Britain',10,14,41000);
INSERT INTO classes VALUES('Fuso','bb','Japan',12,14,29000);
INSERT INTO classes VALUES('Admiral','bc','Gt. Britain',8,15,46000);
INSERT INTO classes VALUES('Nelson','bb','Gt. Britain',9,16,33000);
INSERT INTO classes VALUES('Scharnhorst','bc','Germany',9,11,32000);
INSERT INTO classes VALUES('South Dakota','bc','USA',9,16,44000);
INSERT INTO classes VALUES('Colorado','bb','USA',8,16,33000);

INSERT INTO battles VALUES('Danmark Strait','1941-05-24');
INSERT INTO battles VALUES('Pearl Harbor','1941-12-7');
INSERT INTO battles VALUES('Guadalcanal','1942-11-15');
INSERT INTO battles VALUES('North Cape','1943-12-26');
INSERT INTO battles VALUES('Surigao Strait','1944-10-25');

INSERT INTO ships VALUES('California','Tennessee',1921);
INSERT INTO ships VALUES('Haruna','Kongo',1915);
INSERT INTO ships VALUES('Hiei','Kongo',1914);
INSERT INTO ships VALUES('Iowa','Iowa',1943);
INSERT INTO ships VALUES('Kirishima','Kongo',1915);
INSERT INTO ships VALUES('Kongo','Kongo',1913);
INSERT INTO ships VALUES('Missouri','Iowa',1944);
INSERT INTO ships VALUES('Musashi','Yamato',1942);
INSERT INTO ships VALUES('New Jersey','Iowa',1943);
INSERT INTO ships VALUES('North Carolina','North Carolina',1941);
INSERT INTO ships VALUES('Ramillies','Revenge',1917);
INSERT INTO ships VALUES('Renown','Renown',1916);
INSERT INTO ships VALUES('Repulse','Renown',1916);
INSERT INTO ships VALUES('Resolution','Revenge',1916);
INSERT INTO ships VALUES('Revenge','Revenge',1916);
INSERT INTO ships VALUES('Royal Oak','Revenge',1916);
INSERT INTO ships VALUES('Royal Sovereign','Revenge',1916);
INSERT INTO ships VALUES('Tennessee','Tennessee',1920);
INSERT INTO ships VALUES('Washington','North Carolina',1941);
INSERT INTO ships VALUES('Wisconsin','Iowa',1944);
INSERT INTO ships VALUES('Yamato','Yamato',1941);
INSERT INTO ships VALUES('Arizona','Pennsylvania',1916);
INSERT INTO ships VALUES('Duke of York','King George V',1941);
INSERT INTO ships VALUES('Prince of Wales','King George V',1941);
INSERT INTO ships VALUES('King George V','King George V',1940);
INSERT INTO ships VALUES('Fuso','Fuso',1914);
INSERT INTO ships VALUES('Hood','Admiral',1916);
INSERT INTO ships VALUES('Rodney','Nelson',1928);
INSERT INTO ships VALUES('Scharnhorst','Scharnhorst',1935);
INSERT INTO ships VALUES('South Dakota','South Dakota',1942);
INSERT INTO ships VALUES('West Virgina','Colorado',1923);
INSERT INTO ships VALUES('Yamashiro','Fuso',1917);
INSERT INTO ships VALUES('Bismarck','Bismarck',1940);

INSERT INTO outcomes VALUES('Arizona','Pearl Harbor','sunk');
INSERT INTO outcomes VALUES('Bismarck','Denmark Strait','sunk');
INSERT INTO outcomes VALUES('California','Surigao Strait','ok');
INSERT INTO outcomes VALUES('Duke of York','North Cape','ok');
INSERT INTO outcomes VALUES('Fuso','Surigao Strait','sunk');
INSERT INTO outcomes VALUES('Hood','Denmark Strait','sunk');
INSERT INTO outcomes VALUES('King George V','Denmark Strait','ok');
INSERT INTO outcomes VALUES('Kirishima','Guadalcanal','sunk');
INSERT INTO outcomes VALUES('Prince of Wales','Denmark Strait','damaged');
INSERT INTO outcomes VALUES('Rodney','Denmark Strait','ok');
INSERT INTO outcomes VALUES('Scharnhorst','North Cape','sunk');
INSERT INTO outcomes VALUES('South Dakota','Guadalcanal','damaged');
INSERT INTO outcomes VALUES('Tennessee','Surigao Strait','ok');
INSERT INTO outcomes VALUES('Washington','Guadalcanal','ok');
INSERT INTO outcomes VALUES('West Virgina','Surigao Strait','ok');
INSERT INTO outcomes VALUES('Yamashiro','Surigao Strait','sunk');


















